172.16.84.105.cfg,172.16.84.105,> 172.29.77.104
172.16.84.110.cfg_bk,172.16.84.140,> 172.29.77.103
172.16.84.130.cfg_bk,172.16.84.189,> 172.29.77.102
172.16.84.131.cfg_bk,172.16.84.190,"1a6,7"
172.16.84.132.cfg_bk,172.16.84.191,> 172.29.76.117
172.16.84.181.cfg,172.16.84.192,> 172.29.76.116
172.16.84.182.cfg,172.16.84.193,"18,19c24,28"
172.16.84.183.cfg,172.16.84.196,< 172.29.75.225
172.16.84.184.cfg,172.16.84.197,< 172.29.75.224
172.16.84.185.cfg,172.16.84.198,---
172.16.84.186.cfg,172.16.84.200,> 172.29.75.240
172.16.84.187.cfg,172.16.84.200,> 172.29.75.238
172.16.84.188.cfg,172.16.84.201,> 172.29.75.229
172.16.84.189.cfg,172.16.84.201,> 172.29.75.228
172.16.84.190.cfg,172.16.84.208,> 172.29.75.227
172.16.84.191.cfg,172.16.84.208,"21,22d29"
172.16.84.192.cfg,172.16.84.209,< 172.29.75.223
172.16.84.193.cfg,172.16.84.209,< 172.29.75.222
172.16.84.196.cfg,172.16.84.213,"25,27d31"
172.16.84.201.cfg,172.16.84.214,< 172.29.75.219
172.16.84.204.cfg,172.16.84.215,< 172.29.75.215
172.16.84.208.cfg,172.16.84.216,< 172.29.75.214
172.16.84.209.cfg,172.16.84.217,33c37
172.16.84.213.cfg,172.16.84.218,< 172.29.75.208
172.16.84.214.cfg,172.16.84.219,---
172.16.84.215.cfg,172.16.84.220,> 172.29.75.207
172.16.84.216.cfg,172.16.84.220,37a42
172.16.84.217.cfg,172.16.84.221,> 172.29.75.202
172.16.84.218.cfg,172.16.84.221,"39c44,48"
172.16.84.219.cfg,172.16.84.222,< 172.29.75.200
172.16.84.220.cfg,172.16.84.223,---
172.16.84.221.cfg,172.16.84.224,> 172.29.75.199
172.16.84.222.cfg,172.16.84.225,> 172.29.75.198
172.16.84.223.cfg,172.16.84.227,> 172.29.75.197
172.16.84.224.cfg,172.16.84.249,> 172.29.75.196
172.16.84.225.cfg,172.16.85.109,> 172.29.75.192
172.16.84.227.cfg,172.16.85.139,"41a51,55"
172.16.85.138.cfg,172.16.85.140,> 172.29.75.177
172.16.85.139.cfg,172.16.85.204,> 172.29.75.176
172.16.85.140.cfg,172.16.85.204,> 172.29.75.173
172.16.85.204.cfg,172.16.85.205,> 172.29.75.171
172.26.29.11.cfg,172.16.85.217,> 172.29.75.170
172.26.29.12.cfg,172.16.85.218,"43a58,60"
172.26.29.13.cfg,172.16.85.219,> 172.29.75.167
172.26.29.14.cfg,172.16.85.220,> 172.29.75.166
172.26.29.15.cfg,172.16.85.222,> 172.29.75.165
172.26.29.16.cfg,172.16.85.230,"45a63,64"
172.26.29.17.cfg,172.16.85.231,> 172.29.75.162
172.26.29.18.cfg,172.16.85.231,> 172.29.75.161
172.26.29.19.cfg,172.16.85.232,"54a74,76"
172.26.29.20.cfg,172.16.85.232,> 172.29.75.150
172.26.29.21.cfg,172.16.85.233,> 172.29.75.149
172.26.29.22.cfg,172.16.85.233,> 172.29.75.148
172.26.29.23.cfg,172.16.85.234,"56a79,80"
172.26.29.24.cfg,172.16.85.234,> 172.29.75.145
172.26.29.25.cfg,172.16.85.250,> 172.29.75.144
172.26.48.100.cfg,172.16.85.253,"57a82,85"
172.26.48.101.cfg,172.16.85.70,> 172.29.75.141
172.26.48.102.cfg,172.16.85.71,> 172.29.75.140
172.26.48.103.cfg,172.16.85.72,> 172.29.75.134
172.26.48.104.cfg,172.16.85.78,> 172.29.75.133
172.26.48.105.cfg,172.26.29.11,72d99
172.26.48.106.cfg,172.26.29.12,< 172.29.75.118
172.26.48.107.cfg,172.26.29.13,"76,78c103"
172.26.48.108.cfg,172.26.29.14,< 172.29.75.111
172.26.48.109.cfg,172.26.29.15,< 172.29.75.110
172.26.48.11.cfg,172.26.29.16,< 172.29.75.108
172.26.48.110.cfg,172.26.29.17,---
172.26.48.112.cfg,172.26.29.18,> 172.29.31.128
172.26.48.115.cfg,172.26.29.19,"80a106,108"
172.26.48.116.cfg,172.26.29.20,> 172.29.31.124
172.26.48.117.cfg,172.26.29.21,> 172.29.31.123
172.26.48.118.cfg,172.26.29.22,> 172.29.31.119
172.26.48.119.cfg,172.26.29.23,"82c110,117"
172.26.48.12.cfg,172.26.29.24,< 172.29.31.108
172.26.48.120.cfg,172.26.29.25,---
172.26.48.121.cfg,172.26.48.101,> 172.29.31.116
172.26.48.122.cfg,172.26.48.102,> 172.29.31.115
172.26.48.123.cfg,172.26.48.103,> 172.29.31.114
172.26.48.124.cfg,172.26.48.106,> 172.29.31.113
172.26.48.125.cfg,172.26.48.11,> 172.29.31.112
172.26.48.126.cfg,172.26.48.111,> 172.29.31.111
172.26.48.127.cfg,172.26.48.112,> 172.29.31.110
172.26.48.128.cfg,172.26.50.101,> 172.29.31.109
172.26.48.129.cfg,172.26.50.102,"83a119,122"
172.26.48.13.cfg,172.26.50.103,> 172.29.31.106
172.26.48.130.cfg,172.26.50.104,> 172.29.31.105
172.26.48.131.cfg,172.26.50.105,> 172.29.31.103
172.26.48.132.cfg,172.26.50.106,> 172.29.31.102
172.26.48.133.cfg,172.26.50.107,89c128
172.26.48.134.cfg,172.26.50.108,< 172.29.30.115
172.26.48.135.cfg,172.26.50.11,---
172.26.48.136.cfg,172.26.50.110,> 172.29.30.116
172.26.50.100.cfg,172.26.50.111,"104a144,156"
172.26.50.101.cfg,172.26.50.114,> 172.29.29.70
172.26.50.102.cfg,172.26.50.115,> 172.29.29.67
172.26.50.103.cfg,172.26.50.116,> 172.29.29.59
172.26.50.104.cfg,172.26.50.118,> 172.29.29.58
172.26.50.105.cfg,172.26.50.119,> 172.29.29.54
172.26.50.106.cfg,172.26.50.12,> 172.29.29.53
172.26.50.107.cfg,172.26.50.120,> 172.29.29.52
172.26.50.108.cfg,172.26.50.121,> 172.29.29.250
172.26.50.11.cfg,172.26.50.122,> 172.29.29.249
172.26.50.110.cfg,172.26.50.127,> 172.29.29.247
172.26.50.111.cfg,172.26.50.128,> 172.29.29.246
172.26.50.112.cfg,172.26.50.129,> 172.29.29.243
172.26.50.113.cfg,172.26.50.130,> 172.29.29.241
172.26.50.114.cfg,172.26.50.131,"107a160,162"
172.26.50.115.cfg,172.26.50.132,> 172.29.29.231
172.26.50.116.cfg,172.26.50.133,> 172.29.29.230
172.26.50.118.cfg,172.26.50.135,> 172.29.29.229
172.26.50.119.cfg,172.26.50.136,"110a166,168"
172.26.78.100.cfg,172.26.50.137,> 172.29.29.213
172.26.78.11.cfg,172.26.50.200,> 172.29.29.212
172.26.78.12.cfg,172.26.78.100,> 172.29.29.211
172.26.78.13.cfg,172.26.78.11,122a181
172.26.78.14.cfg,172.26.78.12,> 172.29.29.198
172.26.78.15.cfg,172.26.78.13,"126a186,187"
172.26.78.16.cfg,172.26.78.14,> 172.29.29.193
172.26.78.17.cfg,172.26.78.15,> 172.29.29.192
172.26.78.18.cfg,172.26.78.16,"150a212,213"
172.29.126.102.cfg,172.26.78.17,> 172.29.29.167
172.29.126.104.cfg,172.26.78.18,> 172.29.29.166
172.29.126.105.cfg,172.29.29.100,"162c225,226"
172.29.126.106.cfg,172.29.29.101,< 172.29.29.148
172.29.128.100.cfg,172.29.29.102,---
172.29.128.101.cfg,172.29.29.105,> 172.29.29.152
172.29.29.100.cfg,172.29.29.106,> 172.29.29.149
172.29.29.101.cfg,172.29.29.107,"166,167c230,231"
172.29.29.102.cfg,172.29.29.108,< 172.29.29.144
172.29.29.103.cfg,172.29.29.110,< 172.29.29.141
172.29.29.104.cfg,172.29.29.112,---
172.29.29.105.cfg,172.29.29.113,> 172.29.29.143
172.29.29.106.cfg,172.29.29.114,> 172.29.29.140
172.29.29.110.cfg,172.29.29.115,168a233
172.29.29.111.cfg,172.29.29.116,> 172.29.29.138
172.29.29.112.cfg,172.29.29.117,"174a240,241"
172.29.29.113.cfg,172.29.29.118,> 172.29.29.128
172.29.29.114.cfg,172.29.29.119,> 172.29.29.127
172.29.29.116.cfg,172.29.29.120,185a253
172.29.29.117.cfg,172.29.29.121,> 172.29.29.115
172.29.29.118.cfg_bk,172.29.29.122,189d256
172.29.29.119.cfg,172.29.29.123,< 172.29.29.111
172.29.29.120.cfg,172.29.29.124,"190a258,259"
172.29.29.121.cfg,172.29.29.125,> 172.29.29.108
172.29.29.122.cfg,172.29.29.126,> 172.29.29.107
172.29.29.123.cfg,172.29.29.127,"193,194d261"
172.29.29.124.cfg,172.29.29.128,< 172.29.29.104
172.29.29.125.cfg,172.29.29.129,< 172.29.29.103
172.29.29.126.cfg,172.29.29.130,"198,203d264"
172.29.29.129.cfg,172.29.29.131,< 172.29.128.101
172.29.29.130.cfg,172.29.29.132,< 172.29.128.100
172.29.29.131.cfg,172.29.29.135,< 172.29.126.106
172.29.29.132.cfg,172.29.29.137,< 172.29.126.105
172.29.29.135.cfg,172.29.29.138,< 172.29.126.104
172.29.29.137.cfg,172.29.29.139,< 172.29.126.102
172.29.29.139.cfg,172.29.29.140,"212a274,288"
172.29.29.141.cfg,172.29.29.143,> 172.26.50.200
172.29.29.144.cfg,172.29.29.145,> 172.26.50.137
172.29.29.145.cfg,172.29.29.146,> 172.26.50.136
172.29.29.146.cfg,172.29.29.147,> 172.26.50.135
172.29.29.147.cfg,172.29.29.149,> 172.26.50.133
172.29.29.148.cfg,172.29.29.152,> 172.26.50.132
172.29.29.153.cfg,172.29.29.153,> 172.26.50.131
172.29.29.154.cfg,172.29.29.154,> 172.26.50.130
172.29.29.155.cfg,172.29.29.155,> 172.26.50.129
172.29.29.156.cfg,172.29.29.156,> 172.26.50.128
172.29.29.157.cfg,172.29.29.157,> 172.26.50.127
172.29.29.158.cfg,172.29.29.158,> 172.26.50.122
172.29.29.159.cfg,172.29.29.159,> 172.26.50.121
172.29.29.160.cfg,172.29.29.160,> 172.26.50.120
172.29.29.161.cfg,172.29.29.161,> 172.26.50.12
172.29.29.164.cfg,172.29.29.164,"218,219d293"
172.29.29.165.cfg,172.29.29.165,< 172.26.50.113
172.29.29.168.cfg,172.29.29.166,< 172.26.50.112
172.29.29.169.cfg,172.29.29.167,"231,255d304"
172.29.29.170.cfg,172.29.29.168,< 172.26.50.100
172.29.29.171.cfg,172.29.29.169,< 172.26.48.136
172.29.29.172.cfg,172.29.29.170,< 172.26.48.135
172.29.29.173.cfg,172.29.29.171,< 172.26.48.134
172.29.29.174.cfg,172.29.29.172,< 172.26.48.133
172.29.29.175.cfg,172.29.29.173,< 172.26.48.132
172.29.29.176.cfg,172.29.29.174,< 172.26.48.131
172.29.29.177.cfg,172.29.29.175,< 172.26.48.130
172.29.29.178.cfg,172.29.29.176,< 172.26.48.13
172.29.29.179.cfg,172.29.29.177,< 172.26.48.129
172.29.29.180.cfg,172.29.29.178,< 172.26.48.128
172.29.29.181.cfg,172.29.29.179,< 172.26.48.127
172.29.29.182.cfg,172.29.29.180,< 172.26.48.126
172.29.29.183.cfg,172.29.29.181,< 172.26.48.125
172.29.29.184.cfg,172.29.29.182,< 172.26.48.124
172.29.29.185.cfg,172.29.29.183,< 172.26.48.123
172.29.29.186.cfg,172.29.29.184,< 172.26.48.122
172.29.29.187.cfg,172.29.29.185,< 172.26.48.121
172.29.29.188.cfg,172.29.29.186,< 172.26.48.120
172.29.29.189.cfg,172.29.29.187,< 172.26.48.12
172.29.29.190.cfg,172.29.29.188,< 172.26.48.119
172.29.29.191.cfg,172.29.29.189,< 172.26.48.118
172.29.29.194.cfg,172.29.29.190,< 172.26.48.117
172.29.29.195.cfg,172.29.29.191,< 172.26.48.116
172.29.29.196.cfg,172.29.29.192,< 172.26.48.115
172.29.29.197.cfg,172.29.29.193,257c306
172.29.29.199.cfg,172.29.29.194,< 172.26.48.110
172.29.29.200.cfg,172.29.29.195,---
172.29.29.201.cfg,172.29.29.196,> 172.26.48.111
172.29.29.202.cfg,172.29.29.197,"259,261d307"
172.29.29.203.cfg,172.29.29.198,< 172.26.48.109
172.29.29.204.cfg,172.29.29.199,< 172.26.48.108
172.29.29.205.cfg,172.29.29.200,< 172.26.48.107
172.29.29.206.cfg,172.29.29.201,"263,264d308"
172.29.29.207.cfg,172.29.29.202,< 172.26.48.105
172.29.29.208.cfg,172.29.29.203,< 172.26.48.104
172.29.29.209.cfg,172.29.29.204,268d311
172.29.29.210.cfg,172.29.29.205,< 172.26.48.100
172.29.29.217.cfg,172.29.29.206,"283a327,348"
172.29.29.218.cfg,172.29.29.207,> 172.16.85.78
172.29.29.228.cfg,172.29.29.208,> 172.16.85.72
172.29.29.233.cfg,172.29.29.209,> 172.16.85.71
172.29.29.239.cfg,172.29.29.210,> 172.16.85.70
172.29.29.240.cfg,172.29.29.211,> 172.16.85.253
172.29.30.100.cfg,172.29.29.212,> 172.16.85.250
172.29.30.101.cfg,172.29.29.213,> 172.16.85.234
172.29.30.102.cfg,172.29.29.217,> 172.16.85.234
172.29.30.103.cfg,172.29.29.218,> 172.16.85.233
172.29.30.104.cfg,172.29.29.228,> 172.16.85.233
172.29.30.105.cfg,172.29.29.229,> 172.16.85.232
172.29.30.106.cfg,172.29.29.230,> 172.16.85.232
172.29.30.107.cfg,172.29.29.231,> 172.16.85.231
172.29.30.108.cfg,172.29.29.233,> 172.16.85.231
172.29.30.109.cfg,172.29.29.239,> 172.16.85.230
172.29.30.110.cfg,172.29.29.240,> 172.16.85.222
172.29.30.111.cfg,172.29.29.241,> 172.16.85.220
172.29.30.112.cfg,172.29.29.243,> 172.16.85.219
172.29.30.113.cfg,172.29.29.246,> 172.16.85.218
172.29.30.114.cfg,172.29.29.247,> 172.16.85.217
172.29.30.115.cfg,172.29.29.249,> 172.16.85.205
172.29.30.117.cfg,172.29.29.250,> 172.16.85.204
172.29.30.118.cfg,172.29.29.52,"287c352,353"
172.29.30.119.cfg,172.29.29.53,< 172.16.85.138
172.29.30.120.cfg,172.29.29.54,---
172.29.31.101.cfg,172.29.29.58,> 172.16.85.109
172.29.31.107.cfg,172.29.29.59,> 172.16.84.249
172.29.31.108.cfg,172.29.29.67,"293a360,361"
172.29.31.117.cfg,172.29.29.70,> 172.16.84.221
172.29.31.125.cfg,172.29.30.100,> 172.16.84.220
172.29.31.126.cfg,172.29.30.101,"302a371,372"
172.29.75.108.cfg_bk,172.29.30.102,> 172.16.84.209
172.29.75.110.cfg_bk,172.29.30.103,> 172.16.84.208
172.29.75.111.cfg,172.29.30.104,304d373
172.29.75.112.cfg,172.29.30.105,< 172.16.84.204
172.29.75.113.cfg,172.29.30.106,"305a375,379"
172.29.75.114.cfg,172.29.30.107,> 172.16.84.201
172.29.75.118.cfg,172.29.30.108,> 172.16.84.200
172.29.75.119.cfg,172.29.30.109,> 172.16.84.200
172.29.75.120.cfg,172.29.30.110,> 172.16.84.198
172.29.75.121.cfg,172.29.30.111,> 172.16.84.197
172.29.75.122.cfg,172.29.30.112,"312,323c386"
172.29.75.123.cfg,172.29.30.113,< 172.16.84.188
172.29.75.124.cfg,172.29.30.114,< 172.16.84.187
172.29.75.125.cfg,172.29.30.116,< 172.16.84.186
172.29.75.126.cfg,172.29.30.117,< 172.16.84.185
172.29.75.127.cfg,172.29.30.118,< 172.16.84.184
172.29.75.128.cfg,172.29.30.119,< 172.16.84.183
172.29.75.129.cfg,172.29.30.120,< 172.16.84.182
172.29.75.130.cfg,172.29.31.101,< 172.16.84.181
172.29.75.131.cfg,172.29.31.102,< 172.16.84.132
172.29.75.132.cfg,172.29.31.103,< 172.16.84.131
172.29.75.142.cfg,172.29.31.105,< 172.16.84.130
172.29.75.146.cfg,172.29.31.106,< 172.16.84.110
172.29.75.147.cfg,172.29.31.107,---
172.29.75.152.cfg,172.29.31.109,> 172.16.84.140
172.29.75.153.cfg,172.29.31.110,
172.29.75.154.cfg,172.29.31.111,
172.29.75.155.cfg,172.29.31.112,
172.29.75.156.cfg,172.29.31.113,
172.29.75.157.cfg,172.29.31.114,
172.29.75.158.cfg,172.29.31.115,
172.29.75.159.cfg,172.29.31.116,
172.29.75.160.cfg,172.29.31.117,
172.29.75.163.cfg,172.29.31.119,
172.29.75.164.cfg,172.29.31.123,
172.29.75.168.cfg,172.29.31.124,
172.29.75.169.cfg,172.29.31.125,
172.29.75.178.cfg,172.29.31.126,
172.29.75.181.cfg,172.29.31.128,
172.29.75.200.cfg,172.29.75.112,
172.29.75.201.cfg,172.29.75.113,
172.29.75.203.cfg,172.29.75.114,
172.29.75.204.cfg,172.29.75.119,
172.29.75.205.cfg,172.29.75.120,
172.29.75.206.cfg,172.29.75.121,
172.29.75.208.cfg,172.29.75.122,
172.29.75.209.cfg,172.29.75.123,
172.29.75.210.cfg,172.29.75.124,
172.29.75.211.cfg,172.29.75.125,
172.29.75.212.cfg,172.29.75.126,
172.29.75.213.cfg,172.29.75.127,
172.29.75.214.cfg,172.29.75.128,
172.29.75.215.cfg,172.29.75.129,
172.29.75.219.cfg,172.29.75.130,
172.29.75.220.cfg,172.29.75.131,
172.29.75.221.cfg,172.29.75.132,
172.29.75.222.cfg,172.29.75.133,
172.29.75.223.cfg,172.29.75.134,
172.29.75.223.cfg_bk,172.29.75.140,
172.29.75.224.cfg,172.29.75.141,
172.29.75.225.cfg,172.29.75.142,
172.29.76.100.cfg,172.29.75.144,
172.29.76.101.cfg,172.29.75.145,
172.29.76.102.cfg,172.29.75.146,
172.29.76.103.cfg,172.29.75.147,
172.29.76.104.cfg,172.29.75.148,
172.29.76.105.cfg,172.29.75.149,
172.29.76.106.cfg,172.29.75.150,
172.29.76.107.cfg,172.29.75.152,
172.29.76.108.cfg,172.29.75.153,
172.29.76.109.cfg,172.29.75.154,
172.29.76.110.cfg,172.29.75.155,
172.29.76.111.cfg,172.29.75.156,
172.29.76.112.cfg,172.29.75.157,
172.29.76.113.cfg,172.29.75.158,
172.29.76.114.cfg,172.29.75.159,
172.29.76.115.cfg,172.29.75.160,
172.29.77.100.cfg,172.29.75.161,
,172.29.75.162,
,172.29.75.163,
,172.29.75.164,
,172.29.75.165,
,172.29.75.166,
,172.29.75.167,
,172.29.75.168,
,172.29.75.169,
,172.29.75.170,
,172.29.75.171,
,172.29.75.173,
,172.29.75.176,
,172.29.75.177,
,172.29.75.178,
,172.29.75.181,
,172.29.75.192,
,172.29.75.196,
,172.29.75.197,
,172.29.75.198,
,172.29.75.199,
,172.29.75.201,
,172.29.75.202,
,172.29.75.203,
,172.29.75.204,
,172.29.75.205,
,172.29.75.206,
,172.29.75.207,
,172.29.75.209,
,172.29.75.210,
,172.29.75.211,
,172.29.75.212,
,172.29.75.213,
,172.29.75.220,
,172.29.75.221,
,172.29.75.223,
,172.29.75.227,
,172.29.75.228,
,172.29.75.229,
,172.29.75.238,
,172.29.75.240,
,172.29.76.100,
,172.29.76.101,
,172.29.76.102,
,172.29.76.103,
,172.29.76.104,
,172.29.76.105,
,172.29.76.106,
,172.29.76.107,
,172.29.76.108,
,172.29.76.109,
,172.29.76.110,
,172.29.76.111,
,172.29.76.112,
,172.29.76.113,
,172.29.76.114,
,172.29.76.115,
,172.29.76.116,
,172.29.76.117,
,172.29.77.100,
,172.29.77.102,
,172.29.77.103,
,172.29.77.104,
,PRIVATE_IP,
